{
  "data": [
    {
      "cliente": "Cliente 1",
      "codigoAtivo": "BBDC4",
      "quantidadeDisponivel": "2.000",
      "quantidadeBloqueada": "500",
      "quantidadeTotal": "1.500",
      "precoUnitario": "50,00",
      "volumeFinanceiro": "75.000,00"
    },
    {
      "cliente": "Cliente 1",
      "codigoAtivo": "POMO5",
      "quantidadeDisponivel": "200",
      "quantidadeBloqueada": "800",
      "quantidadeTotal": "1.000",
      "precoUnitario": "10,00",
      "volumeFinanceiro": "10.000,00"
    },
    {
      "cliente": "Cliente 2",
      "codigoAtivo": "OGXP3",
      "quantidadeDisponivel": "200",
      "quantidadeBloqueada": "800",
      "quantidadeTotal": "1.000",
      "precoUnitario": "10,00",
      "volumeFinanceiro": "10.000,00"
    }
  ]
}